"Original Search Term","Is identified","Original Product Cost ($USD)","Shipping From","AID","Product Title","Description","UPCs","EANs","ASIN","Parent ASIN","Recommended","Recommended in Amazon US","Recommended in Amazon CA","Recommended in eBay US","Recommended in Walmart US","MSRP (USD)","Is identified in Amazon US","Identification type Amazon US","Amazon US ASIN","Shipping to US by:","Shipping cost to US","Taxonomy: Amazon US Category Tree","Amazon US Total Sales (USD)","Amazon US Estimated Unit Sales Per Month","Amazon US Sales Estimated On","Amazon US Price (USD)","Amazon US Buy Box Price (USD)","Amazon US Seller Offer : Id","Amazon US Seller Offer : Name","Amazon US Seller Offer : Price","Amazon US Seller Offer : Is Prime Eligible","Amazon US Seller Offer : Is Buy Box Winner","Offered by Amazon US","Amazon US is FBA","Amazon US Listing URL","Amazon US Demand","Amazon US % Profit","Amazon US Local Category Name","Amazon US Local Amazon Rank","Amazon US Local Sub Category Name","Amazon US Local Sub Category Rank","Amazon US Promotions : Frequently Bought Together","Amazon US Offerings","Amazon US % Profit","Amazon US Profit (USD)","Amazon US Market fee (USD)","Amazon US FBA fee (USD)","Amazon US Tax (USD)","Amazon US Insights","Is identified in Amazon CA","Identification type Amazon CA","Amazon CA ASIN","Shipping to CA by:","Shipping cost to CA","Taxonomy: Amazon CA Category Tree","Amazon CA Total Sales (USD)","Amazon CA Estimated Unit Sales Per Month","Amazon CA Price (USD)","Amazon CA Buy Box Price (USD)","Offered by Amazon CA","Amazon CA is FBA","Amazon CA Listing URL","Amazon CA Demand","Amazon CA % Profit","Amazon CA Local Category Name","Amazon CA Local Amazon Rank","Amazon CA Local Sub Category Name","Amazon CA Local Sub Category Rank","Amazon CA Offerings","Amazon CA % Profit","Amazon CA Profit (USD)","Amazon CA Market fee (USD)","Amazon CA FBA fee (USD)","Amazon CA Tax (USD)","Amazon CA Insights","Is identified in eBay US","Identification type eBay US","eBay US eBay Item ID","Shipping to US by:","Shipping cost to US","Taxonomy: eBay US Category Tree","eBay US Total Sales (USD)","eBay US Estimated Unit Sales Per Month","eBay US Price (USD)","eBay US Listing URL","eBay US Demand","eBay US % Profit","eBay US Local Category Name","eBay US Local Amazon Rank","eBay US % Profit","eBay US Profit (USD)","eBay US Market fee (USD)","eBay US PayPal fee (USD)","eBay US Tax (USD)","eBay US Insights","Is identified in Walmart US","Identification type Walmart US","Walmart US Walmart Item ID","Shipping to US by:","Shipping cost to US","Taxonomy: Walmart US Category Tree","Walmart US Total Sales (USD)","Walmart US Estimated Unit Sales Per Month","Walmart US Price (USD)","Walmart US Listing URL","Walmart US Demand","Walmart US % Profit","Walmart US Local Category Name","Walmart US Local Amazon Rank","Walmart US % Profit","Walmart US Profit (USD)","Walmart US Market fee (USD)","Walmart US Tax (USD)","Walmart US Insights","Brand Name","Model","Color","Width (inch)","Height (inch)","Length (inch)","Weight (pound)","Package Width (inch)","Package Height (inch)","Package Length (inch)","Package Weight (pound)","Package Origin","Size","Enhanced Data: Part Number","Enhanced Data: Release Date","Enhanced Data: Actors","Enhanced Data: Aspect Ratio","Enhanced Data: Audience Rating","Enhanced Data: Bluray Region","Enhanced Data: Contributors","Enhanced Data: Directors","Enhanced Data: Edition","Enhanced Data: Esrb Age Rating","Enhanced Data: Formats","Enhanced Data: Genre","Enhanced Data: Hardware Platform","Enhanced Data: Is Adult Product","Enhanced Data: Label","Enhanced Data: Content Languages","Enhanced Data: Number Of Discs","Enhanced Data: Number Of Items","Enhanced Data: Operating Systems","Enhanced Data: Pegi Rating","Enhanced Data: Platforms","Enhanced Data: Publisher","Enhanced Data: Running Time","Enhanced Data: Studio","Enhanced Data: Theatrical Release Date","Image URL"
"883929158249","true","1.0","US","AIDIFDTI6001","Mortal Kombat - Playstation 3","Mortal Kombat - Playstation 3","[883929158867;883929189366;883929158249;883929182800;00883929158867;783651539838]","[0883929182800;0883929158867;5051892047463;0883929189366;0883929158249;0783651539838]","B003O6E1JS","B004IK89F6","true","true","true","true","true","19.99","true","ID","B003O6E1JS","USPS","3.79","Video Games > Legacy Systems > PlayStation Systems > PlayStation 3 > Games","1799.5","50",,"35.99",,"A18CKSG4VCPHVN","MYLASA STORE","44.55","true","true"," Yes but currently out of stock","true","https://www.amazon.com/dp/B003O6E1JS?th=1&psc=1","MEDIUM","72.0","Video Games","42171","Games","693","B0017ZIIK6;B006ZTHFPS;B003O6E1JS","6","72.0","25.80","5.40","3.15","0.00","Cross channel competition","true","ID","B003O6E1JS","USPS","16.46","Video Games > Legacy Systems > PlayStation Systems > PlayStation 3 > Games","1460.68","26","56.18","56.18"," Yes but currently out of stock","true","https://www.amazon.ca/dp/B003O6E1JS","MEDIUM","46.0","Video Games","42171","Games","693","3","46.0","25.59","7.84","3.45","5.29","Listing price includes shipping","true","keywords","226153676630","USPS","3.79","Video Games & Consoles","0.0","0","34.37","https://rover.ebay.com/rover/1/711-53200-19255-0/1?ff3=2&toolid=10044&campid=5337909775&customid=algopix-web&lgeo=1&vectorid=229466&item=226153676630","MEDIUM","76.0",,,"76.0","26.22","2.06","1.30","0.00","Listing price includes shipping ; Listing identified using keywords ; Cross channel competition","true","ID","15237605","USPS","3.79","Video Games > Video Game Titles","544.01","19","27.97","https://www.walmart.com/ip/15237605","MEDIUM","68.0",,,"68.0","18.98","4.20","0.00",,"WB Games","1000170360","One Color","0.59","6.69","5.28","0.20","5.4","0.6","6.7","0.25","OFFICIAL","One Size","1000170360","Data could not be retrieved","Data could not be retrieved","Data could not be retrieved","Data could not be retrieved","Data could not be retrieved","Data could not be retrieved","Data could not be retrieved","Data could not be retrieved","Data could not be retrieved","Data could not be retrieved","Data could not be retrieved","Data could not be retrieved","Data could not be retrieved","Data could not be retrieved","Data could not be retrieved","Data could not be retrieved","Data could not be retrieved","Data could not be retrieved","Data could not be retrieved","Data could not be retrieved","Data could not be retrieved","Data could not be retrieved","Data could not be retrieved","Data could not be retrieved","https://m.media-amazon.com/images/I/71NmSk+w0tL.jpg"
"710425377822","true","1.0","US","Could not identify the product from a valid resource",,,"[710425377822]","[0710425377822]","B003E470M0",,"true",,"true","false",,"29.99","false",,,,,,,,,,,,,,,,,,,,,,,,,,,,,,,,,"true","ID","B003E470M0","USPS","16.46","Video Games > Legacy Systems > PlayStation Systems > PlayStation 3 > Games","174.1","5","34.82","32.27"," Yes but currently out of stock","true","https://www.amazon.ca/dp/B003E470M0","MEDIUM","27.0","Video games","18898","Games","292","2","27.0","9.24","4.84","3.45","3.28","Listing price includes shipping ; Displaying lowest price from a high-ranked seller","true","keywords","135055262844","USPS","4.21","Video Games & Consoles","0.0","0","32.56","https://rover.ebay.com/rover/1/711-53200-19255-0/1?ff3=2&toolid=10044&campid=5337909775&customid=algopix-web&lgeo=1&vectorid=229466&item=135055262844","UNAVAILABLE","74.0",,,"74.0","24.16","1.95","1.24","0.00","Listing price includes shipping ; Listing identified using keywords","false",,,,,,,,,,,,,,,,,,,"2K","710425377822",,,,,"0.35","5.3","0.6","6.7","0.35","OFFICIAL",,"Data could not be retrieved","Data could not be retrieved","Data could not be retrieved","Data could not be retrieved","Data could not be retrieved","Data could not be retrieved","Data could not be retrieved","Data could not be retrieved","Data could not be retrieved","Data could not be retrieved","Data could not be retrieved","Data could not be retrieved","Data could not be retrieved","Data could not be retrieved","Data could not be retrieved","Data could not be retrieved","Data could not be retrieved","Data could not be retrieved","Data could not be retrieved","Data could not be retrieved","Data could not be retrieved","Data could not be retrieved","Data could not be retrieved","Data could not be retrieved","Data could not be retrieved","https://m.media-amazon.com/images/I/81D4vsEx27L.jpg"
"191329107737","true","1.0","US","AIDFEJ57I001","Captive State (Blu-ray)",,"[191329107737]","[0191329107737]","B07PS6PYKL",,"false","false","false","false",,"0.0","true","ID","B07PS6PYKL","USPS","3.79",,"251.72","14",,"17.98","18.98","ABLI0FL268ZL4","Outlet Promotions","18.98","true","true"," Yes but currently out of stock","true","https://www.amazon.com/dp/B07PS6PYKL","LOW","62.0","Movies & TV","54818","Movies & TV","54818",,"2","62.0","11.09","2.10","3.15","0.00","Listing price includes shipping","true","ID","B07PS6PYKL","USPS","16.46",,"43.95","3","14.65","14.65"," Yes but currently out of stock","true","https://www.amazon.ca/dp/B07PS6PYKL","MEDIUM","-40.0","Dvd","51842",,,"2","-40.0","-5.84","1.65","3.27","1.38","Listing price includes shipping","true","keywords","305338583750","USPS","3.79","DVDs & Movies","0.0","0","18.99","https://rover.ebay.com/rover/1/711-53200-19255-0/1?ff3=2&toolid=10044&campid=5337909775&customid=algopix-web&lgeo=1&vectorid=229466&item=305338583750","LOW","61.0",,,"61.0","11.64","1.71","0.85","0.00","Listing identified using keywords","false",,,,,,,,,,,,,,,,,,,,,,,,,"0.18","5.28","0.55","6.61","0.18","OFFICIAL",,"0","Data could not be retrieved","Data could not be retrieved","Data could not be retrieved","Data could not be retrieved","Data could not be retrieved","Data could not be retrieved","Data could not be retrieved","Data could not be retrieved","Data could not be retrieved","Data could not be retrieved","Data could not be retrieved","Data could not be retrieved","Data could not be retrieved","Data could not be retrieved","Data could not be retrieved","Data could not be retrieved","Data could not be retrieved","Data could not be retrieved","Data could not be retrieved","Data could not be retrieved","Data could not be retrieved","Data could not be retrieved","Data could not be retrieved","Data could not be retrieved","https://m.media-amazon.com/images/I/51009QDsiAL._SL75_.jpg"
"043396467132","true","1.0","US","AID47R1Z7001","Joe Dirt 2: Beautiful Loser (Extended Edition) (Blu-ray)","<b>JOE DIRT <i> 2</i> DESCRIPTION</b><br> Many of the original actors will be reprising their roles as the Iconic acquaintances to the perpetual underdog of the films Namesake. According to Spade this film will be aired Directly to the website Crackle in the summer of 2015. He also stated his decision to don the Mullet once again was due to fan pressure as the original encroaches on cult status.","[043396467132]","[0043396467132]","B017HMB67O",,"false","false","false","false",,"19.99","true","ID","B017HMB67O","USPS","3.79",,"0.0","0",,"20.22","20.22","AWZI6BA70DZZD","M + L","14.23","false","true"," Yes but currently out of stock","false","https://www.amazon.com/dp/B017HMB67O","LOW","66.0","Movies & TV","159802","Movies & TV","159802","B00WS4T4VC;B017HMB67O","1","66.0","13.30","2.13","3.15","0.00","Listing price includes shipping ; Listed by a low ranked seller","true","ID","B017HMB67O","USPS","16.46",,"38.12","4","9.53","7.33"," Yes but currently out of stock","true","https://www.amazon.ca/dp/B017HMB67O","LOW","-108.0","Movies & TV","159802","Movies & TV","159802","5","-108.0","-10.25","1.43","3.27","0.90","Displaying lowest price from a high-ranked seller","true","keywords","196407158696","USPS","3.79","DVDs & Movies","0.0","0","17.49","https://rover.ebay.com/rover/1/711-53200-19255-0/1?ff3=2&toolid=10044&campid=5337909775&customid=algopix-web&lgeo=1&vectorid=229466&item=196407158696","LOW","59.0",,,"59.0","10.32","1.57","0.81","0.00","Listing identified using keywords ; Listed by a low ranked seller","false",,,,,,,,,,,,,,,,,,,,,,,,,,"5.42","0.58","7.1","0.18","OFFICIAL",,"Data could not be retrieved","Data could not be retrieved","[""David Spade"",""Brittany Daniel"",""Christopher Walken"",""Mark McGrath"",""Patrick Warburton""]","1.78:1","PG-13 (Parents Strongly Cautioned)","region_a","Data could not be retrieved","[""Fred Wolf""]","Data could not be retrieved","Data could not be retrieved","[""Blu-ray""]","Data could not be retrieved","Data could not be retrieved","false","Data could not be retrieved","[{""languageName"":""thai"",""type"":""Subtitled""},{""languageName"":""mandarin_chinese"",""type"":""Subtitled""},{""languageName"":""indonesian"",""type"":""Subtitled""},{""languageName"":""korean"",""type"":""Subtitled""},{""languageName"":""english"",""type"":""Subtitled""},{""languageName"":""portuguese"",""type"":""Subtitled""},{""languageName"":""french"",""type"":""Subtitled""},{""languageName"":""spanish"",""type"":""Subtitled""},{""languageName"":""thai"",""type"":""Dubbed""},{""languageName"":""portuguese"",""type"":""Dubbed""},{""languageName"":""french"",""type"":""Dubbed""},{""languageName"":""spanish"",""type"":""Dubbed""},{""languageName"":""english"",""type"":""Original Language""},{""languageName"":""english"",""type"":""Subtitles for the Hearing Impaired""}]","1","Data could not be retrieved","Data could not be retrieved","Data could not be retrieved","Data could not be retrieved","Data could not be retrieved","Data could not be retrieved","Data could not be retrieved","Data could not be retrieved","https://m.media-amazon.com/images/I/612StLNF5iL._SL75_.jpg"
"625828626876","true","1.0","US","AIDDH6LE6001","Jamesy Boy",,"[625828626876]","[0625828626876]","B00HED9G38",,"false","false","false","false",,"0.0","true","ID","B00HED9G38","USPS","3.79",,,,,,,,,,,,,,"https://www.amazon.com/dp/B00HED9G38","LOW",,"Movies & TV","186294","Movies & TV","186294",,,,,,,,"Out of Stock listing","true","ID","B00HED9G38","USPS","16.46",,"0.0","0",,,,,"https://www.amazon.ca/dp/B00HED9G38","LOW",,"Movies & TV","186294","Movies & TV","186294",,,,,,,"Out of Stock listing","true","keywords","195514121890","USPS","3.79","DVDs & Movies","0.0","0","10.23","https://rover.ebay.com/rover/1/711-53200-19255-0/1?ff3=2&toolid=10044&campid=5337909775&customid=algopix-web&lgeo=1&vectorid=229466&item=195514121890","LOW","38.0",,,"38.0","3.92","0.92","0.60","0.00","Listing price includes shipping ; Listing identified using keywords","false",,,,,,,,,,,,,,,,,,,,,,,,,"0.18","5.42","0.58","7.1","0.18","OFFICIAL",,"Data could not be retrieved","Data could not be retrieved","[""Spencer Lofranco"",""Mary-Louise Parker"",""James Burns"",""Ving Rhames"",""James Woods""]","Data could not be retrieved","NR (Not Rated)","Data could not be retrieved","Data could not be retrieved","[""Trevor White""]","Data could not be retrieved","Data could not be retrieved","[""DVD""]","Data could not be retrieved","Data could not be retrieved","false","Imports","[{""languageName"":""english"",""type"":""Original Language""},{""languageName"":""french"",""type"":""Original Language""},{""languageName"":""english"",""type"":""Subtitles for the Hearing Impaired""}]","1","Data could not be retrieved","Data could not be retrieved","Data could not be retrieved","Data could not be retrieved","Imports","Data could not be retrieved","Imports","Data could not be retrieved","https://m.media-amazon.com/images/I/61v5vKnesxL._SL75_.jpg"
"043396473577","true","1.0","US","AID455VQJ001","Stealing Cars (Bilingual)",,"[043396473577]","[0043396473577]","B01B36Z5PE",,"false","false","false",,"false","8.0","true","ID","B01B36Z5PE","USPS","3.79","Movies & TV > Movies",,,,"12.99","12.99","A20FATMMR7LP9Z","Just 4 Games Inc","8.00","false","true"," Yes but currently out of stock","false","https://www.amazon.com/dp/B01B36Z5PE","UNAVAILABLE","54.0","Movies & TV",,"Movies",,,"2","54.0","7.00","1.20","2.38","0.00","Listing price includes shipping","true","ID","B01B36Z5PE","USPS","16.46",,"43.98","2","21.99",," Yes but currently out of stock","false","https://www.amazon.ca/dp/B01B36Z5PE","MEDIUM","1.0","Dvd","154860",,,"2","1.0","0.26","2.20","3.27","2.07","Listing price includes shipping","false",,,,,,,,,,,,,,,,,,,,"true","ID","975711556","USPS","3.79",,"0.0","0","8.00","https://www.walmart.com/ip/975711556","UNAVAILABLE","25.0",,,"25.0","2.01","1.20","0.00",,"Sony Pictures",,,,,,,"5.42","0.58","7.1","0.18","OFFICIAL",,"Data could not be retrieved","Data could not be retrieved","Data could not be retrieved","Data could not be retrieved","Data could not be retrieved","Data could not be retrieved","Data could not be retrieved","Data could not be retrieved","Data could not be retrieved","Data could not be retrieved","Data could not be retrieved","Data could not be retrieved","Data could not be retrieved","Data could not be retrieved","Data could not be retrieved","Data could not be retrieved","Data could not be retrieved","Data could not be retrieved","Data could not be retrieved","Data could not be retrieved","Data could not be retrieved","Data could not be retrieved","Data could not be retrieved","Data could not be retrieved","Data could not be retrieved","https://m.media-amazon.com/images/I/91VbdCqclPL.jpg"
"711719810926","true","1.0","US","AIDA5LD71001","MLB 07: The Show","MLB 07 The Show makes the transition to next-gen and establish its position as most valuable player in the baseball category with an outstanding set of features and innovative gameplay functionality. Already widely considered the most authentic baseball simulation available, the franchise now introduces the all-new Road to The Show mode, enabling gamers to play both offense and defense from the created players perspective. MLB 07 The Show adds to its already robust online feature set and delivers Online League Play, which offers the ability to set up customizable leagues with up to 30 teams, complete with full stat tracking, point benefits and rewards. Additionally, the My Sliders feature allows users to create their perfect game settings and upload them to the MLB 07 The Show server for others to try out. *DLC (Downloadable Content) may not be included and is not guaranteed to work*","[711719810926;827307951442]","[0711719810926;0827307951442]","B000K9Q5U0",,"true","false","false","true","true","39.99","true","ID","B000K9Q5U0","USPS","4.21","Video Games > Legacy Systems > PlayStation Systems > PlayStation 3 > Games","799.8","20","2024-05-27",,,,,,,,,,"https://www.amazon.com/dp/B000K9Q5U0","MEDIUM",,"Video Games","19882","PlayStation 3 Games","196",,,,,,,,"Out of Stock listing","true","ID","B000K9Q5U0","USPS","16.46","Video Games > Legacy Systems > PlayStation Systems > PlayStation 3 > Games","0.0","0",,,,,"https://www.amazon.ca/dp/B000K9Q5U0","MEDIUM",,"Video Games","19882","PlayStation 3 Games","196",,,,,,,"Out of Stock listing","true","keywords","194450954478","USPS","4.21","Video Games & Consoles","0.0","0","29.99","https://rover.ebay.com/rover/1/711-53200-19255-0/1?ff3=2&toolid=10044&campid=5337909775&customid=algopix-web&lgeo=1&vectorid=229466&item=194450954478","MEDIUM","73.0",,,"73.0","21.81","1.80","1.17","0.00","Listing identified using keywords ; Cross channel competition","true","ID","5334372","USPS","4.21","Video Games > Video Game Titles","0.0","0","23.97","https://www.walmart.com/ip/5334372","MEDIUM","63.0",,,"63.0","15.16","3.60","0.00",,"PlayStation","98109",,"5.75","0.51","7.76","0.31","5.43","0.55","7.01","0.31","OFFICIAL",,"Data could not be retrieved","Data could not be retrieved","Data could not be retrieved","Data could not be retrieved","Data could not be retrieved","Data could not be retrieved","Data could not be retrieved","Data could not be retrieved","Data could not be retrieved","Data could not be retrieved","Data could not be retrieved","Data could not be retrieved","Data could not be retrieved","Data could not be retrieved","Data could not be retrieved","Data could not be retrieved","Data could not be retrieved","Data could not be retrieved","Data could not be retrieved","Data could not be retrieved","Data could not be retrieved","Data could not be retrieved","Data could not be retrieved","Data could not be retrieved","Data could not be retrieved","https://m.media-amazon.com/images/I/61HlNF25XUL.jpg"
"043396563346","true","1.0","US","Could not identify the product from a valid resource",,,"[043396563346]","[0043396563346]","B081JNG4NC",,"false",,"false","false",,"14.99","false",,,,,,,,,,,,,,,,,,,,,,,,,,,,,,,,,"true","ID","B081JNG4NC","USPS","16.46",,"40.15","5","8.03",," Yes but currently out of stock","true","https://www.amazon.ca/dp/B081JNG4NC","MEDIUM","-137.0","Dvd","11272","Dvd","11272","8","-137.0","-11.01","0.82","2.87","0.76","Listing price includes shipping","true","keywords","124487857728","USPS","3.79","DVDs & Movies","0.0","0","15.29","https://rover.ebay.com/rover/1/711-53200-19255-0/1?ff3=2&toolid=10044&campid=5337909775&customid=algopix-web&lgeo=1&vectorid=229466&item=124487857728","UNAVAILABLE","55.0",,,"55.0","8.38","1.38","0.74","0.00","Listing price includes shipping ; Listing identified using keywords ; Listed by a low ranked seller","false",,,,,,,,,,,,,,,,,,,"Sony Pictures",,,,,,"0.15","5.28","0.47","7.4","0.15","OFFICIAL",,"Data could not be retrieved","Data could not be retrieved","Data could not be retrieved","Data could not be retrieved","Data could not be retrieved","Data could not be retrieved","Data could not be retrieved","Data could not be retrieved","Data could not be retrieved","Data could not be retrieved","Data could not be retrieved","Data could not be retrieved","Data could not be retrieved","Data could not be retrieved","Data could not be retrieved","Data could not be retrieved","Data could not be retrieved","Data could not be retrieved","Data could not be retrieved","Data could not be retrieved","Data could not be retrieved","Data could not be retrieved","Data could not be retrieved","Data could not be retrieved","Data could not be retrieved","https://m.media-amazon.com/images/I/91vRt-0fIXL.jpg"
"014633364675","true","1.0","US","Could not identify the product from a valid resource",,,"[014633364675]","[0014633364675]","B0037QGOQS",,"false",,"false",,,"34.99","false",,,,,,,,,,,,,,,,,,,,,,,,,,,,,,,,,"true","ID","B0037QGOQS","USPS","16.46","Video Games > Legacy Systems > PlayStation Systems > PlayStation 3 > Games","0.0","0",,,,,"https://www.amazon.ca/dp/B0037QGOQS","MEDIUM",,"Video games","41116","Games","936",,,,,,,"Out of Stock listing","false",,,,,,,,,,,,,,,,,,,,"false",,,,,,,,,,,,,,,,,,,"Electronic Arts","014633364675",,,,,"0.25","5.3","0.6","6.7","0.25","OFFICIAL",,"Data could not be retrieved","Data could not be retrieved","Data could not be retrieved","Data could not be retrieved","Data could not be retrieved","Data could not be retrieved","Data could not be retrieved","Data could not be retrieved","Data could not be retrieved","Data could not be retrieved","Data could not be retrieved","Data could not be retrieved","Data could not be retrieved","Data could not be retrieved","Data could not be retrieved","Data could not be retrieved","Data could not be retrieved","Data could not be retrieved","Data could not be retrieved","Data could not be retrieved","Data could not be retrieved","Data could not be retrieved","Data could not be retrieved","Data could not be retrieved","Data could not be retrieved","https://m.media-amazon.com/images/I/71hdX1bMrmL.jpg"
"711719502807","true","1.0","US","Could not identify the product from a valid resource",,"GT SPORT | PS4 (RECD)","[711719502807]",,"B01E0CJT96",,"true",,"true","false","false","62.14","false",,,,,,,,,,,,,,,,,,,,,,,,,,,,,,,,,"true","ID","B01E0CJT96",,,"Video Games > PlayStation 4 > Games","296.91","9","32.99",," Yes but currently out of stock","true","https://www.amazon.ca/dp/B01E0CJT96","HIGH","73.0","Video games","8276","Games","490","3","73.0","23.94","4.95","3.27","3.11",,"true","keywords","296427806766",,,"Video Games & Consoles","0.0","0","26.32","https://rover.ebay.com/rover/1/711-53200-19255-0/1?ff3=2&toolid=10044&campid=5337909775&customid=algopix-web&lgeo=1&vectorid=229466&item=296427806766","UNAVAILABLE","86.0",,,"86.0","22.68","1.58","1.06","0.00","Listing price includes shipping ; Listing identified using keywords","true","ID","889201790",,,"Video Games > Video Game Titles","0.0","0","19.99","https://www.walmart.com/ip/889201790","UNAVAILABLE","80.0",,,"80.0","15.99","3.00","0.00",,"Polyphony Digital","VIPRB-Gran Turismo Sport (PlayStation 4)",,,,,,,,,,,,"Data could not be retrieved","Data could not be retrieved","Data could not be retrieved","Data could not be retrieved","Data could not be retrieved","Data could not be retrieved","Data could not be retrieved","Data could not be retrieved","Data could not be retrieved","Data could not be retrieved","Data could not be retrieved","Data could not be retrieved","Data could not be retrieved","Data could not be retrieved","Data could not be retrieved","Data could not be retrieved","Data could not be retrieved","Data could not be retrieved","Data could not be retrieved","Data could not be retrieved","Data could not be retrieved","Data could not be retrieved","Data could not be retrieved","Data could not be retrieved","Data could not be retrieved","https://i5.walmartimages.com/seo/PlayStation-Gran-Turismo-Sport-PlayStation-4_45737f0a-c41d-4961-ad2e-ef8c615512e7_1.e695b8d1a06057f597ecb276b97b0c40.jpeg?odnHeight=450&odnWidth=450&odnBg=FFFFFF"
"888235022482","true","1.0","US","AIDW57D12001","Sleeping With Other People (Blu-ray)","Sleeping With Other People (Blu-ray)","[888235022482]","[0888235022482]","B01711D3PE",,"true","true","false","true",,"50.0","true","ID","B01711D3PE","USPS","3.79",,"745.89","47",,"15.87","15.87","A10GJI9EDBCFZK","FunFactory","11.88","false","true"," Yes but currently out of stock","true","https://www.amazon.com/dp/B01711D3PE","MEDIUM","59.0","Movies & TV","51478",,,"B09XWL2PZY;B01711D3PE","4","59.0","9.30","1.78","3.15","0.00","Listing price includes shipping","true","ID","B01711D3PE","USPS","16.46",,"23.28","4","5.82","5.82"," Yes but currently out of stock","true","https://www.amazon.ca/dp/B01711D3PE","MEDIUM","-225.0","Movies & TV","51478",,,"4","-225.0","-13.06","0.87","2.87","0.55",,"true","keywords","392055460679","USPS","3.79","DVDs & Movies","16.99","1","15.98","https://rover.ebay.com/rover/1/711-53200-19255-0/1?ff3=2&toolid=10044&campid=5337909775&customid=algopix-web&lgeo=1&vectorid=229466&item=392055460679","MEDIUM","56.0",,,"56.0","8.99","1.44","0.76","0.00","Listing price includes shipping ; Listing identified using keywords ; Cross channel competition","false",,,,,,,,,,,,,,,,,,,"VVS Films",,,,,,,"5.35","0.63","6.77","0.18","OFFICIAL",,"Data could not be retrieved","Data could not be retrieved","Data could not be retrieved","Data could not be retrieved","PG-13 (Parents Strongly Cautioned)","region_a","Data could not be retrieved","Data could not be retrieved","Data could not be retrieved","Data could not be retrieved","[""NTSC""]","Data could not be retrieved","Data could not be retrieved","false","Data could not be retrieved","[{""languageName"":""english"",""type"":""Subtitled""},{""languageName"":""french"",""type"":""Subtitled""},{""languageName"":""english"",""type"":""Original Language""},{""languageName"":""french"",""type"":""Original Language""}]","1","Data could not be retrieved","Data could not be retrieved","Data could not be retrieved","Data could not be retrieved","Data could not be retrieved","{""value"":101.0,""unitType"":""minutes""}","Data could not be retrieved","Data could not be retrieved","https://m.media-amazon.com/images/I/51BcWMNb4rL._SL75_.jpg"
"047875881099","true","1.0","US","AIDXZ2991001","Call of Duty: WWII - PlayStation 4",,"[00047875881099;047875881099]","[0047875881099]","B0722H6PPG",,"true","true","true","true",,"0.0","true","ID","B0722H6PPG","USPS","3.79","Video Games > PlayStation 4 > Games","45.6","12","2024-05-27","32.38","40.90","AAJOZRNOZX6YC","NEWBORN-VHR-U","40.90","true","true"," Yes but currently out of stock","true","https://www.amazon.com/dp/B0722H6PPG","MEDIUM","70.0","Video Games","34406","PlayStation 4 Games","1655","B08GR4GNRK;B0722H6PPG;B09D643D8F","6","70.0","22.73","4.86","3.06","0.00","Cross channel competition","true","ID","B0722H6PPG","USPS","16.46","Video Games > PlayStation 4 > Games","290.25","9","32.25","32.99"," Yes but currently out of stock","true","https://www.amazon.ca/dp/B0722H6PPG","MEDIUM","25.0","Video Games","34406","PlayStation 4 Games","1655","6","25.0","8.02","3.74","3.27","3.04","Listing price includes shipping","true","keywords","145702329339","USPS","3.79","Video Games & Consoles","364.2","14","24.87","https://rover.ebay.com/rover/1/711-53200-19255-0/1?ff3=2&toolid=10044&campid=5337909775&customid=algopix-web&lgeo=1&vectorid=229466&item=145702329339","MEDIUM","71.0",,,"71.0","17.57","1.49","1.02","0.00","Listing price includes shipping ; Listing identified using keywords","false",,,,,,,,,,,,,,,,,,,"Activision","88109",,,,,"0.09","5.28","0.55","6.69","0.09","OFFICIAL",,"88109","Data could not be retrieved","Data could not be retrieved","Data could not be retrieved","Data could not be retrieved","Data could not be retrieved","Data could not be retrieved","Data could not be retrieved","Data could not be retrieved","Mature","Data could not be retrieved","First Person Shooter","Sony PlayStation 4","Data could not be retrieved","Activision Inc.","Data could not be retrieved","Data could not be retrieved","Data could not be retrieved","Data could not be retrieved","ages_18_and_over","[""PlayStation 4""]","Activision Inc.","Data could not be retrieved","Activision Inc.","Data could not be retrieved","https://m.media-amazon.com/images/I/61k0r4v4HSL._SL75_.jpg"
"014633366679","true","1.0","US","AIDXY9LD6001","NHL 13 PS3 New",,"[014633366679]","[0014633366679]","B007H2V7II",,"true","false","true","false",,"59.98","true","ID","B007H2V7II","USPS","3.79",,,,,"59.98","59.98","A1AIVRBZSN2D48","RapidPrimePros","59.98","false","true"," Yes but currently out of stock","true","https://www.amazon.com/dp/B007H2V7II","UNAVAILABLE","77.0",,,,,,"3","77.0","46.19","9.00","3.15","0.00",,"true","ID","B007H2V7II","USPS","16.46","Video Games > Legacy Systems & Microconsoles > PlayStation 3","164.95","5","32.99","32.99"," Yes but currently out of stock","false","https://www.amazon.ca/dp/B007H2V7II","MEDIUM","23.0","Video games","16828","Games","233","2","23.0","7.48","4.95","3.45","3.11","Listed by a low ranked seller","true","keywords","204356950620","USPS","3.79","Video Games & Consoles","0.0","0","37.99","https://rover.ebay.com/rover/1/711-53200-19255-0/1?ff3=2&toolid=10044&campid=5337909775&customid=algopix-web&lgeo=1&vectorid=229466&item=204356950620","UNAVAILABLE","78.0",,,"78.0","29.52","2.28","1.40","0.00","Listing price includes shipping ; Listing identified using keywords","false",,,,,,,,,,,,,,,,,,,,"884095145743",,,,,"0.25","5.3","0.6","6.7","0.25","OFFICIAL",,"GELA-366679","2012-09-11","Data could not be retrieved","Data could not be retrieved","PG (Parental Guidance Suggested)","Data could not be retrieved","Data could not be retrieved","Data could not be retrieved","Standard","Rating Pending","Data could not be retrieved","hockey_games","Playstation 3","Data could not be retrieved","Electronic Arts","[{""languageName"":""french"",""type"":""Unknown""},{""languageName"":""english"",""type"":""Unknown""}]","Data could not be retrieved","Data could not be retrieved","[""Playstation 3""]","Data could not be retrieved","[""PlayStation 3""]","Electronic Arts","Data could not be retrieved","Electronic Arts","Data could not be retrieved","https://m.media-amazon.com/images/I/51Hfb9P3OsL._SL75_.jpg"
"027616859082","true","1.0","US","AIDCOFBJ1001","Wild Bill [DVD]",,"[027616859082;002761685908]","[9780792849292;0027616859082;0002761685908]","B000056H2G",,"true","true","false","true",,"9.98","true","ID","B000056H2G","USPS","3.79",,"1359.2","80",,"16.99",,"ANTOM2GD64W16","Gamecoma","16.99","true","true"," Yes but currently out of stock","true","https://www.amazon.com/dp/B000056H2G","MEDIUM","57.0","Movies & TV","13808","Movies & TV","13808","B079ZT1TYC;B00PPGZMFM;B000056H2G","11","57.0","9.65","2.55","3.15","0.00","Cross channel competition","true","ID","B000056H2G","USPS","16.46",,"83.56","4","20.89",," Yes but currently out of stock","true","https://www.amazon.ca/dp/B000056H2G","MEDIUM","-6.0","Movies & TV","13808","Movies & TV","13808","6","-6.0","-1.29","2.75","3.45","1.97","Listing price includes shipping","true","keywords","256392754938","USPS","3.79","DVDs & Movies","0.0","0","15.99","https://rover.ebay.com/rover/1/711-53200-19255-0/1?ff3=2&toolid=10044&campid=5337909775&customid=algopix-web&lgeo=1&vectorid=229466&item=256392754938","MEDIUM","56.0",,,"56.0","9.00","1.44","0.76","0.00","Listing identified using keywords","false",,,,,,,,,,,,,,,,,,,"TCFHE/MGM",,,"4.25","1.12","7.5","0.25","5.1","0.6","7.5","0.25","OFFICIAL",,"27616859082","2002-04-02","[""Jeff Bridges"",""Ellen Barkin"",""John Hurt"",""Diane Lane"",""Keith Carradine"",""David Arquette"",""Christina Applegate"",""Bruce Dern"",""James Gammon"",""Marjoe Gortner""]","1.85:1","R (Restricted)","Data could not be retrieved","[{""name"":""Lloyd Ahern II"",""role"":""Cinematographer""},{""name"":""Gary Daigler"",""role"":""Producer""},{""name"":""Lili Fini Zanuck"",""role"":""Producer""},{""name"":""Richard D. Zanuck"",""role"":""Producer""},{""name"":""Peter Dexter"",""role"":""Writer""},{""name"":""Thomas Babe"",""role"":""Writer""},{""name"":""Walter Hill"",""role"":""Writer""}]","[""Walter Hill""]","Data could not be retrieved","Data could not be retrieved","[""Anamorphic"",""Closed-captioned"",""Color"",""Subtitled"",""Widescreen"",""NTSC""]","Data could not be retrieved","Data could not be retrieved","Data could not be retrieved","MGM (Video & DVD)","[{""languageName"":""spanish"",""type"":""Subtitled""},{""languageName"":""french"",""type"":""Subtitled""},{""languageName"":""spanish"",""type"":""Dubbed""},{""languageName"":""english"",""type"":""Original Language""},{""languageName"":""french"",""type"":""Original Language""},{""languageName"":""english"",""type"":""Unknown""}]","1","1","Data could not be retrieved","Data could not be retrieved","Data could not be retrieved","MGM (Video & DVD)","{""value"":98.0,""unitType"":""minutes""}","MGM (Video & DVD)","1995-12-01","https://m.media-amazon.com/images/I/51J0MED8RAL.jpg"
"074645885797","true","1.0","US","AIDY09I02001","Sesame Street: All-Star Alphabet",,"[074645885797]","[0074645885797;9780738931890]","B0008FXSZ6",,"true","true","true","true","true","12.99","true","ID","B0008FXSZ6","USPS","3.79",,"246.24","19",,"12.96","14.89","A28UJI6WF5GIHS","TheZoneShop","14.89","true","true"," Yes but currently out of stock","true","https://www.amazon.com/dp/B0008FXSZ6","MEDIUM","53.0","Movies & TV","18926","Movies & TV","18926","B0001OGUQS;B0008FXSZ6;B01E840P5I","6","53.0","6.82","1.35","2.38","0.00","Listing price includes shipping ; Cross channel competition","true","ID","B0008FXSZ6","USPS","16.46",,"95.79","3","31.93",," Yes but currently out of stock","false","https://www.amazon.ca/dp/B0008FXSZ6","MEDIUM","21.0","Movies & TV","18926","Movies & TV","18926","5","21.0","6.67","4.79","3.27","3.01","Listed by a low ranked seller","true","keywords","325346931038","USPS","3.79","DVDs & Movies","0.0","0","6.98","https://rover.ebay.com/rover/1/711-53200-19255-0/1?ff3=2&toolid=10044&campid=5337909775&customid=algopix-web&lgeo=1&vectorid=229466&item=325346931038","MEDIUM","15.0",,,"15.0","1.06","0.63","0.50","0.00","Listing price includes shipping ; Listing identified using keywords","true","ID","14245689","USPS","3.79","Movies & TV Shows > Shop Movies by Format","0.0","0","13.52","https://www.walmart.com/ip/14245689","MEDIUM","50.0",,,"50.0","6.70","2.03","0.00","Cross channel competition","Warner Home Video","MFR074645885797#VG",,"7.5","5.4","0.7","0.17","5.47","0.55","7.56","0.19","OFFICIAL",,"Data could not be retrieved","Data could not be retrieved","Data could not be retrieved","Data could not be retrieved","Data could not be retrieved","Data could not be retrieved","Data could not be retrieved","Data could not be retrieved","Data could not be retrieved","Data could not be retrieved","Data could not be retrieved","Data could not be retrieved","Data could not be retrieved","Data could not be retrieved","Data could not be retrieved","Data could not be retrieved","Data could not be retrieved","Data could not be retrieved","Data could not be retrieved","Data could not be retrieved","Data could not be retrieved","Data could not be retrieved","Data could not be retrieved","Data could not be retrieved","Data could not be retrieved","https://m.media-amazon.com/images/I/81GH0r4yWNL.jpg"
"008888343479","true","1.0","US","AIDYB7A91001","Tom Clancy's Ghost Recon Advnc Warfighter 2 / Game","Tom Clancy's Ghost Recon Advnc Warfighter 2 / Game","[008888343479]","[0008888343479]","B000M4KJ32",,"true",,"true","false","false",,"false",,,,,,,,,,,,,,,,,,,,,,,,,,,,,,,,,"true","ID","B000M4KJ32","USPS","16.46","Video Games > Legacy Systems > PlayStation Systems > PlayStation 3 > Games","1142.96","26","43.96",," Yes but currently out of stock","true","https://www.amazon.ca/dp/B000M4KJ32","HIGH","37.0","Video games","3385","Games","21","3","37.0","16.31","6.04","3.27","4.14","Listing price includes shipping ; Displaying lowest price from a high-ranked seller","true","keywords","196303852706","USPS","3.79","Video Games & Consoles","7.18","0","7.61","https://rover.ebay.com/rover/1/711-53200-19255-0/1?ff3=2&toolid=10044&campid=5337909775&customid=algopix-web&lgeo=1&vectorid=229466&item=196303852706","UNAVAILABLE","24.0",,,"24.0","1.84","0.46","0.52","0.00","Listing price includes shipping ; Listing identified using keywords","true","ID","5516040","USPS","3.79","Video Games > Video Game Titles","0.0","0","19.95","https://www.walmart.com/ip/5516040","UNAVAILABLE","61.0",,,"61.0","12.17","2.99","0.00",,"Ubisoft","008888343479",,"5.75","0.53","7.75","0.20","5.3","0.6","6.6","0.20","OFFICIAL",,"Data could not be retrieved","Data could not be retrieved","Data could not be retrieved","Data could not be retrieved","Data could not be retrieved","Data could not be retrieved","Data could not be retrieved","Data could not be retrieved","Data could not be retrieved","Data could not be retrieved","Data could not be retrieved","Data could not be retrieved","Data could not be retrieved","Data could not be retrieved","Data could not be retrieved","Data could not be retrieved","Data could not be retrieved","Data could not be retrieved","Data could not be retrieved","Data could not be retrieved","Data could not be retrieved","Data could not be retrieved","Data could not be retrieved","Data could not be retrieved","Data could not be retrieved","https://m.media-amazon.com/images/I/515jaYbktAL.jpg"
"887256015954","true","1.0","US","AIDBWHT81001","Far Cry: Primal - Playstation 4","Far Cry: Primal - Playstation 4","[887256015954]","[0887256015954]","B016BT105M",,"false","false","false","false","false","0.0","true","ID","B016BT105M","USPS","3.79","Video Games > PlayStation 4 > Games","0.0","0",,"19.96",,"A1K2YWZ25UMBAG","Xcess Limited","12.00","false","false"," Yes but currently out of stock","false","https://www.amazon.com/dp/B016BT105M","LOW","61.0","Video Games","108965","Games","4447",,"1","61.0","12.18","2.99","3.15","0.00",,"true","ID","B016BT105M","USPS","16.46","Video Games > PlayStation 4 > Games","197.82","9","21.98",," Yes but currently out of stock","true","https://www.amazon.ca/dp/B016BT105M","LOW","-4.0","Video Games","108965","Games","4447","5","-4.0","-0.85","3.30","3.27","2.07","Displaying lowest price from a high-ranked seller","true","keywords","404792281323","USPS","3.79","DVDs & Movies","231.78","11","20.48","https://rover.ebay.com/rover/1/711-53200-19255-0/1?ff3=2&toolid=10044&campid=5337909775&customid=algopix-web&lgeo=1&vectorid=229466&item=404792281323","LOW","63.0",,,"63.0","12.96","1.84","0.89","0.00","Listing price includes shipping ; Listing identified using keywords","true","ID","163719880","USPS","3.79","Video Games > Video Game Titles","0.0","0","18.99","https://www.walmart.com/ip/163719880","LOW","60.0",,,"60.0","11.35","2.85","0.00",,"PlayStation","UBP30502005",,"5.51","0.79","6.69","0.18","5.35","0.63","6.85","0.18","OFFICIAL",,"UBP30502005","Data could not be retrieved","Data could not be retrieved","Data could not be retrieved","Data could not be retrieved","Data could not be retrieved","Data could not be retrieved","Data could not be retrieved","Data could not be retrieved","Data could not be retrieved","Data could not be retrieved","Data could not be retrieved","Data could not be retrieved","Data could not be retrieved","Data could not be retrieved","Data could not be retrieved","Data could not be retrieved","Data could not be retrieved","Data could not be retrieved","Data could not be retrieved","Data could not be retrieved","Data could not be retrieved","Data could not be retrieved","Data could not be retrieved","Data could not be retrieved","https://m.media-amazon.com/images/I/81euWWLlnbL.jpg"
"710425372339","true","1.0","US","AIDDH5I91001","Grand Theft Auto IV - PlayStation 3",,"[710425370113;710425372339]","[0710425370113;0710425372339;5026555400329;5026555402934;8904130814921]","B000HKP88C","B001D8Q5MA","true","true","true","true","true","14.99","true","ID","B000HKP88C","USPS","4.21","Video Games > Legacy Systems > PlayStation Systems > PlayStation 3 > Games","2398.8","60",,"39.98",,"A1EFRB7DGEJ6TE","Media Supplies Outlet","40.55","true","true"," Yes but currently out of stock","true","https://www.amazon.com/dp/B000HKP88C","MEDIUM","72.0","Video Games","18339","PlayStation 3 Games","166","B016YU8X6M;B0036FDHT2;B000HKP88C","7","72.0","28.77","6.00","3.33","0.00","Cross channel competition","true","ID","B000HKP88C","USPS","16.46","Video Games > Legacy Systems > PlayStation Systems > PlayStation 3 > Games","1611.96","38","42.42",," Yes but currently out of stock","true","https://www.amazon.ca/dp/B000HKP88C","MEDIUM","34.0","Video Games","18339","PlayStation 3 Games","166","7","34.0","14.60","6.37","3.45","4.00",,"true","keywords","186457746555","USPS","4.21","Video Games & Consoles","0.0","0","29.95","https://rover.ebay.com/rover/1/711-53200-19255-0/1?ff3=2&toolid=10044&campid=5337909775&customid=algopix-web&lgeo=1&vectorid=229466&item=186457746555","MEDIUM","73.0",,,"73.0","21.77","1.80","1.17","0.00","Listing identified using keywords ; Cross channel competition","true","ID","138028544","USPS","4.21","Video Games > Video Game Titles","0.0","0","13.49","https://www.walmart.com/ip/138028544","MEDIUM","46.0",,,"46.0","6.26","2.02","0.00",,"Rockstar Games","710425370113",,"5.36","6.47","0.56","0.34","5.35","0.67","6.69","0.40","OFFICIAL",,"Data could not be retrieved","Data could not be retrieved","Data could not be retrieved","Data could not be retrieved","Data could not be retrieved","Data could not be retrieved","Data could not be retrieved","Data could not be retrieved","Data could not be retrieved","Data could not be retrieved","Data could not be retrieved","Data could not be retrieved","Data could not be retrieved","Data could not be retrieved","Data could not be retrieved","Data could not be retrieved","Data could not be retrieved","Data could not be retrieved","Data could not be retrieved","Data could not be retrieved","Data could not be retrieved","Data could not be retrieved","Data could not be retrieved","Data could not be retrieved","Data could not be retrieved","https://m.media-amazon.com/images/I/81rSkcE4IYL.jpg"
"025192252198","false","1.0","US","Could not identify the product from a valid resource",,,,,,,"false",,,,,,"false",,,,,,,,,,,,,,,,,,,,,,,,,,,,,,,,,"false",,,,,,,,,,,,,,,,,,,,,,,,,,"false",,,,,,,,,,,,,,,,,,,,"false",,,,,,,,,,,,,,,,,,,,,,,,,,,,,,,,,,,,,,,,,,,,,,,,,,,,,,,,,
"888235025124","true","1.0","US","AIDC49QJ1001","Precious Cargo","Precious Cargo","[888235025124]","[0888235025124]","B01EV9HZ2G",,"false","false","false","false","false","32.99","true","ID","B01EV9HZ2G","USPS","3.79",,"0.0","0",,"9.24","9.24","ABLI0FL268ZL4","Outlet Promotions","9.24","true","true"," Yes but currently out of stock","true","https://www.amazon.com/dp/B01EV9HZ2G","LOW","33.0","Movies & TV","204058","Movies & TV","204058","B017RR6EPI;B07473FZXC;B01EV9HZ2G","5","33.0","3.06","1.39","2.38","0.00",,"true","ID","B01EV9HZ2G","USPS","16.46","Movies & TV > Movies",,,"13.19",," Yes but currently out of stock","true","https://www.amazon.ca/dp/B01EV9HZ2G","LOW","-53.0","Movies & TV",,"Movies",,"7","-53.0","-6.95","1.43","3.27","1.24","Listing price includes shipping","true","keywords","304958584345","USPS","3.79","DVDs & Movies","0.0","0","10.99","https://rover.ebay.com/rover/1/711-53200-19255-0/1?ff3=2&toolid=10044&campid=5337909775&customid=algopix-web&lgeo=1&vectorid=229466&item=304958584345","LOW","42.0",,,"42.0","4.59","0.99","0.62","0.00","Listing identified using keywords","true","ID","54652491","USPS","3.79","Movies & TV Shows > Shop Movies by Format","0.0","0","18.32","https://www.walmart.com/ip/54652491","LOW","59.0",,,"59.0","10.78","2.75","0.00",,"VVS Films",,,"7.5","5.31","0.56","0.14","5.35","0.51","7.44","0.18","OFFICIAL",,"5070179","Data could not be retrieved","Data could not be retrieved","Data could not be retrieved","Data could not be retrieved","Data could not be retrieved","Data could not be retrieved","Data could not be retrieved","Data could not be retrieved","Data could not be retrieved","Data could not be retrieved","Data could not be retrieved","Data could not be retrieved","Data could not be retrieved","Data could not be retrieved","Data could not be retrieved","Data could not be retrieved","Data could not be retrieved","Data could not be retrieved","Data could not be retrieved","Data could not be retrieved","Data could not be retrieved","Data could not be retrieved","Data could not be retrieved","Data could not be retrieved","https://m.media-amazon.com/images/I/61MHW6FQ84L.jpg"
"883929094981","true","1.0","US","AID5MD7A1001","Terminator: Salvation","<B>Terminator Salvation (2009) </B><BR>Although Judgment Day has in fact occurred, the future for which John Connor (Christian Bale) was prepared has been partly altered by the appearance of a stranger named Marcus Wright (Sam Worthington). Connor must determine if Wright has been rescued from the past, or sent from the future. As the machines prepare for a final battle, Connor and Wright delve deep into Skynet's heart, uncovering a secret that could lead to the annihilation of mankind.","[883929094981]","[0883929094981]","B002Q4GIJ0",,"true","true","false","false","true","0.0","true","ID","B002Q4GIJ0","USPS","3.79",,"0.0","0",,"7.74",,"A1AIVRBZSN2D48","RapidPrimePros","7.74","true","true"," Yes but currently out of stock","true","https://www.amazon.com/dp/B002Q4GIJ0","MEDIUM","23.0","Dvd","25822",,,"B002Q4GIJ0;B01013I9DU;B07YTD2PM2","6","23.0","1.79","1.16","2.38","0.00","Cross channel competition","true","ID","B002Q4GIJ0","USPS","16.46",,"23.36","4","5.84","5.86"," Yes but currently out of stock","true","https://www.amazon.ca/dp/B002Q4GIJ0","MEDIUM","-217.0","Dvd","25822",,,"14","-217.0","-12.66","0.49","2.87","0.55","Listing price includes shipping","true","keywords","285152876081","USPS","3.79","DVDs & Movies","24.41","5","4.87","https://rover.ebay.com/rover/1/711-53200-19255-0/1?ff3=2&toolid=10044&campid=5337909775&customid=algopix-web&lgeo=1&vectorid=229466&item=285152876081","MEDIUM","-16.0","Dvd","25822","-16.0","-0.80","0.44","0.44","0.00","Listing price includes shipping ; Listing identified using keywords","true","ID","197975732","USPS","3.79","Movies & TV Shows > Shop Movies by Format","0.0","0","13.26","https://www.walmart.com/ip/197975732","MEDIUM","49.0","Dvd","25822","49.0","6.48","1.99","0.00","Cross channel competition",,,,,,,"0.18","5.42","0.58","7.1","0.18","OFFICIAL",,"Data could not be retrieved","Data could not be retrieved","Data could not be retrieved","Data could not be retrieved","Data could not be retrieved","Data could not be retrieved","Data could not be retrieved","Data could not be retrieved","Data could not be retrieved","Data could not be retrieved","Data could not be retrieved","Data could not be retrieved","Data could not be retrieved","Data could not be retrieved","Data could not be retrieved","Data could not be retrieved","Data could not be retrieved","Data could not be retrieved","Data could not be retrieved","Data could not be retrieved","Data could not be retrieved","Data could not be retrieved","Data could not be retrieved","Data could not be retrieved","Data could not be retrieved","https://m.media-amazon.com/images/I/51Xd-9fHWfL._SL75_.jpg"
"014633357264","true","1.0","US","AID5O1112001","NBA Live 09 - Playstation 3","NBA LIVE 09 is back. It rewrites the book on authenticity and connectivity - but is still accessible enough for new users. Dynamic DNA emulates - with absolute precision - an NBA player in every sense of the word. NBA LIVE 365 takes the statistical data of Dynamic DNA and brings it to life. Just like the real NBA game, players get injured, free agents sign late, great players go cold and no-names break through. <BR><BR> Player DNA Progression - see the progress and changes to any player's DNA after an NBA LIVE 365 update Player Tendencies - the percentage a player drives left, right or shoots from each spot on the floor Lockdown Control - risk reward system FIBA Expanded - compete in an international tournament using authentic FIBA rosters and a choice of 24 teams Pick and Roll Control - control both the ball handler and the screener 5 vs. 5 Online Team Play - All 10 players on the court can now be controlled by users on 10 different consoles around the world Signature Playcalling - pushes on-court visualization to guide you through the play Online Leagues 2.0 - Create your own league with drafting, trades and a custom playoff format NBA Academy - hone your skills Create your own highlight reel then upload it to EA SPORTS World Quickstrike AnkleBreakers - Force your defender to step up and guess what you'll do next On the cover - Tony Parker - In his 7 NBA seasons, the 26 year old is a two-time NBA All-Star, has 3 NBA championships and was named the 2007 NBA Finals MVP","[014633154467;014633168242;014633357264]","[0014633154467;0014633357264;0014633168242]","B001AZ7RLY","B001EYUTS4","false","false","false","false","false","24.99","true","ID","B001AZ7RLY","USPS","3.79","Video Games > Legacy Systems > PlayStation Systems > PlayStation 3 > Games","904.0","50",,"18.08","18.08","A1UZQIJ57MTRGO","Silver Arrow Bookstore","18.08","false","true"," Yes but currently out of stock","true","https://www.amazon.com/dp/B001AZ7RLY","LOW","59.0","Video Games","52836","PlayStation 3 Games","964","B001G33V8S;B001AZ7RLY;B002I0J4FW","6","59.0","10.58","2.71","3.15","0.00",,"true","ID","B001AZ7RLY","USPS","16.46","Video Games > Legacy Systems > PlayStation Systems > PlayStation 3 > Games","116.2","4","29.05","29.05"," Yes but currently out of stock","true","https://www.amazon.ca/dp/B001AZ7RLY","LOW","17.0","Video Games","52836","PlayStation 3 Games","964","5","17.0","5.08","3.77","3.45","2.74","Listing price includes shipping","true","keywords","315392500346","USPS","3.79","Video Games & Consoles","0.0","0","8.89","https://rover.ebay.com/rover/1/711-53200-19255-0/1?ff3=2&toolid=10044&campid=5337909775&customid=algopix-web&lgeo=1&vectorid=229466&item=315392500346","LOW","34.0",,,"34.0","3.01","0.53","0.56","0.00","Listing identified using keywords","true","ID","116832437","USPS","3.79","Video Games > Video Game Titles","0.0","0","31.97","https://www.walmart.com/ip/116832437","LOW","70.0",,,"70.0","22.38","4.80","0.00",,"Electronic Arts","15446",,"5.25","0.5","6.5","0.26","5.3","0.6","6.7","0.25","OFFICIAL",,"15446","2008-10-07","Data could not be retrieved","Data could not be retrieved","Data could not be retrieved","Data could not be retrieved","Data could not be retrieved","Data could not be retrieved","Standard","Everyone","Data could not be retrieved","basketball_games","PlayStation 3","Data could not be retrieved","Electronic Arts","[{""languageName"":""english"",""type"":""Published""},{""languageName"":""english"",""type"":""Original Language""},{""languageName"":""english"",""type"":""Unknown""}]","1","1","[""Playstation 3""]","unknown","[""PlayStation 3""]","Electronic Arts","Data could not be retrieved","Electronic Arts","Data could not be retrieved","https://m.media-amazon.com/images/I/51iEZkwiKHL.jpg"
"883929199778","true","1.0","US","AIDA1375I001","Something Borrowed/ Duo a Trois (2-DISC) (Bilingual) [Blu-ray] [Blu-ray] (2011)","Friendships are tested and secrets come to the surface when terminally single Rachel falls for Dex, her best friend Darcy's fiancé.","[883929199778]","[0883929199778]","B005A5YT2K",,"false","false","false","false",,"19.97","true","ID","B005A5YT2K","USPS","3.79","Movies & TV > Movies",,,,"19.97","19.97","A1AIVRBZSN2D48","RapidPrimePros","19.97","true","true"," Yes but currently out of stock","true","https://www.amazon.com/dp/B005A5YT2K","UNAVAILABLE","61.0","Movies & TV",,"Movies",,,"5","61.0","12.18","3.00","3.15","0.00",,"true","ID","B005A5YT2K","USPS","16.46",,"58.6","4","14.65",," Yes but currently out of stock","true","https://www.amazon.ca/dp/B005A5YT2K","MEDIUM","-40.0","Dvd","47911",,,"4","-40.0","-5.84","1.65","3.27","1.38","Listing price includes shipping ; Displaying lowest price from a high-ranked seller","true","keywords","162473832071","USPS","3.79","DVDs & Movies","0.0","0","19.39","https://rover.ebay.com/rover/1/711-53200-19255-0/1?ff3=2&toolid=10044&campid=5337909775&customid=algopix-web&lgeo=1&vectorid=229466&item=162473832071","UNAVAILABLE","62.0",,,"62.0","11.99","1.75","0.86","0.00","Listing price includes shipping ; Listing identified using keywords","false",,,,,,,,,,,,,,,,,,,"0",,,,,,"0.18","5.42","0.58","7.1","0.18","OFFICIAL",,"Data could not be retrieved","Data could not be retrieved","Data could not be retrieved","Data could not be retrieved","Data could not be retrieved","Data could not be retrieved","Data could not be retrieved","Data could not be retrieved","Data could not be retrieved","Data could not be retrieved","Data could not be retrieved","Data could not be retrieved","Data could not be retrieved","Data could not be retrieved","Data could not be retrieved","Data could not be retrieved","Data could not be retrieved","Data could not be retrieved","Data could not be retrieved","Data could not be retrieved","Data could not be retrieved","Data could not be retrieved","Data could not be retrieved","Data could not be retrieved","Data could not be retrieved","https://m.media-amazon.com/images/I/81+7XBTQhxL.jpg"
"025192272561","true","1.0","US","AID9N2T02001","Always (1989)",,"[025192272561]","[0025192272561]","B00TG7TFU4",,"false","false","false",,,,"true","ID","B00TG7TFU4","USPS","3.79","Movies & TV > Movies",,,,,,,,,,,,,"https://www.amazon.com/dp/B00TG7TFU4","UNAVAILABLE",,"Movies & TV",,"Movies",,,,,,,,,"Out of Stock listing","true","ID","B00TG7TFU4","USPS","16.46",,"98.91","9","10.99","10.99"," Yes but currently out of stock","true","https://www.amazon.ca/dp/B00TG7TFU4","MEDIUM","-83.0","Dvd","5956",,,"3","-83.0","-9.15","1.65","3.27","1.04","Listed by a low ranked seller","false",,,,,,,,,,,,,,,,,,,,"false",,,,,,,,,,,,,,,,,,,"JEWUNO",,,,,,,"5.42","0.58","7.1","0.18","OFFICIAL",,"Data could not be retrieved","Data could not be retrieved","Data could not be retrieved","Data could not be retrieved","Data could not be retrieved","Data could not be retrieved","Data could not be retrieved","Data could not be retrieved","Data could not be retrieved","Data could not be retrieved","Data could not be retrieved","Data could not be retrieved","Data could not be retrieved","Data could not be retrieved","Data could not be retrieved","Data could not be retrieved","Data could not be retrieved","Data could not be retrieved","Data could not be retrieved","Data could not be retrieved","Data could not be retrieved","Data could not be retrieved","Data could not be retrieved","Data could not be retrieved","Data could not be retrieved","https://m.media-amazon.com/images/I/91z3em25F+L.jpg"
"710425471278","true","1.0","US","AID095T92001","Grand Theft Auto V - PlayStation 3","Grand Theft Auto V - PlayStation 3","[570458441958;012301020557;00710425471254;014445572008;012302822310;014445369820;710425471278;755187335123;710425471254]","[0014445572008;0570458441958;7104254712542;0012301020557;0012302822310;4548718779116;4898118921647;0710425471254;0014445369820;0710425471278;0755187335123]","B0050SXKU4",,"true","true","true","true","true","26.7","true","ID","B0050SXKU4","USPS","4.21","Video Games > Legacy Systems > Xbox Systems > Xbox 360 > Games","1975.0","100","2024-05-27","21.55","24.49","A1MTMP1LZL4FAB","Springfield Distribution","24.49","true","true"," Yes but currently out of stock","true","https://www.amazon.com/dp/B0050SXKU4","HIGH","61.0","Video games","4776","Games","42","B0050SXKU4;B016YU8X6M;B005N4HBIW","27","61.0","13.11","3.23","3.24","0.00","Displaying lowest price from a high-ranked seller ; Cross channel competition","true","ID","B0050SXKU4","USPS","16.46","Video Games > Legacy Systems > Xbox Systems > Xbox 360 > Games","1476.05","53","27.85",," Yes but currently out of stock","true","https://www.amazon.ca/dp/B0050SXKU4","HIGH","15.0","Video games","4776","Games","42","17","15.0","4.14","3.63","3.45","2.62","Listing price includes shipping","true","keywords","196398382889","USPS","4.21","Video Games & Consoles","618.61","41","15.00","https://rover.ebay.com/rover/1/711-53200-19255-0/1?ff3=2&toolid=10044&campid=5337909775&customid=algopix-web&lgeo=1&vectorid=229466&item=196398382889","HIGH","54.0","Video games","4776","54.0","8.15","0.90","0.73","0.00","Listing identified using keywords","true","ID","920385536","USPS","4.21","Electronics > Electronics by Brand","0.0","0","39.99","https://www.walmart.com/ip/920385536","HIGH","72.0","Video games","4776","72.0","28.78","6.00","0.00","Cross channel competition","Rockstar Games","47125",,"5.3","6.7","0.6","0.22","5.31","0.59","6.81","0.26","OFFICIAL",,"47125","Data could not be retrieved","Data could not be retrieved","Data could not be retrieved","Data could not be retrieved","Data could not be retrieved","Data could not be retrieved","Data could not be retrieved","Data could not be retrieved","Data could not be retrieved","Data could not be retrieved","Data could not be retrieved","Data could not be retrieved","Data could not be retrieved","Data could not be retrieved","Data could not be retrieved","Data could not be retrieved","Data could not be retrieved","Data could not be retrieved","Data could not be retrieved","Data could not be retrieved","Data could not be retrieved","Data could not be retrieved","Data could not be retrieved","Data could not be retrieved","https://m.media-amazon.com/images/I/41CCv2VEYgL.jpg"
"883929017034","true","1.0","US","AIDUUZVC1001","P.S. I Love You (Keepcase)","US Version, Region 1 DVD Coded","[00883929017034;883929017034]","[0883929017034]","B0015XJRAA",,"true","true","false","false","true","0.0","true","ID","B0015XJRAA","USPS","3.79",,"476.4","40",,"11.91",,"A1AIVRBZSN2D48","RapidPrimePros","11.98","true","true"," Yes but currently out of stock","true","https://www.amazon.com/dp/B0015XJRAA","MEDIUM","45.0","Movies & TV","35264","Movies & TV","35264","B0015XJRAA;B002K0WBXW;B0038N9X3Q","22","45.0","5.33","1.79","3.15","0.00","Cross channel competition","true","ID","B0015XJRAA","USPS","16.46",,"30.73","7","4.39","4.39"," Yes but currently out of stock","true","https://www.amazon.ca/dp/B0015XJRAA","MEDIUM","-314.0","Dvd","10569",,,"22","-314.0","-13.76","0.27","2.87","0.41","Listing price includes shipping","true","keywords","135063928553","USPS","3.79","DVDs & Movies","0.0","0","6.49","https://rover.ebay.com/rover/1/711-53200-19255-0/1?ff3=2&toolid=10044&campid=5337909775&customid=algopix-web&lgeo=1&vectorid=229466&item=135063928553","MEDIUM","10.0",,,"10.0","0.63","0.58","0.49","0.00","Listing price includes shipping ; Listing identified using keywords","true","ID","135383828","USPS","3.79","Movies & TV Shows > Shop Movies by Format","86.53","8","10.03","https://www.walmart.com/ip/135383828","MEDIUM","37.0",,,"37.0","3.74","1.50","0.00","Cross channel competition","Warner Home Video",,,,,,"0.15","5.42","0.58","7.1","0.18","OFFICIAL",,"Data could not be retrieved","Data could not be retrieved","Data could not be retrieved","Data could not be retrieved","Unrated (Not Rated)","Data could not be retrieved","Data could not be retrieved","Data could not be retrieved","Data could not be retrieved","Data could not be retrieved","[""DVD""]","Data could not be retrieved","Data could not be retrieved","false","WAR","[{""languageName"":""english"",""type"":""Original Language""},{""languageName"":""french"",""type"":""Original Language""},{""languageName"":""english"",""type"":""Unknown""}]","Data could not be retrieved","1","Data could not be retrieved","Data could not be retrieved","Data could not be retrieved","WAR","Data could not be retrieved","WAR","Data could not be retrieved","https://m.media-amazon.com/images/I/51DaadFd3CL._SL75_.jpg"
"025192186011","true","1.0","US","Could not identify the product from a valid resource",,,"[025192186011]","[0025192186011]","B00BYS0ZE8",,"true",,"true",,,"14.99","false",,,,,,,,,,,,,,,,,,,,,,,,,,,,,,,,,"true","ID","B00BYS0ZE8","USPS","16.46",,"182.85","5","36.57",," Yes but currently out of stock","false","https://www.amazon.ca/dp/B00BYS0ZE8","MEDIUM","32.0","Dvd","14425",,,"1","32.0","11.83","3.84","3.27","3.45","Listing price includes shipping","false",,,,,,,,,,,,,,,,,,,,"false",,,,,,,,,,,,,,,,,,,,,,,,,,"5.42","0.58","7.1","0.18","OFFICIAL",,"Data could not be retrieved","Data could not be retrieved","Data could not be retrieved","Data could not be retrieved","Data could not be retrieved","Data could not be retrieved","Data could not be retrieved","Data could not be retrieved","Data could not be retrieved","Data could not be retrieved","Data could not be retrieved","Data could not be retrieved","Data could not be retrieved","Data could not be retrieved","Data could not be retrieved","Data could not be retrieved","Data could not be retrieved","Data could not be retrieved","Data could not be retrieved","Data could not be retrieved","Data could not be retrieved","Data could not be retrieved","Data could not be retrieved","Data could not be retrieved","Data could not be retrieved","https://m.media-amazon.com/images/I/91jrK4QqTrL.jpg"
"888235024936","false","1.0","US","Could not identify the product from a valid resource",,,,,,,"false",,,,,,"false",,,,,,,,,,,,,,,,,,,,,,,,,,,,,,,,,"false",,,,,,,,,,,,,,,,,,,,,,,,,,"false",,,,,,,,,,,,,,,,,,,,"false",,,,,,,,,,,,,,,,,,,,,,,,,,,,,,,,,,,,,,,,,,,,,,,,,,,,,,,,,
"065935807049","true","1.0","US","AIDG7AO1I001","The Lookout","DVD","[065935807049]","[0065935807049]","B000RGUM2S",,"true","true","false",,,"0.0","true","ID","B000RGUM2S","USPS","3.79",,"0.0","0",,"12.66",,"A1AIVRBZSN2D48","RapidPrimePros","13.01","true","true"," Yes but currently out of stock","true","https://www.amazon.com/dp/B000RGUM2S","MEDIUM","47.0","Dvd","51440",,,"B000RGUM2S;B000TAN904","6","47.0","5.97","1.90","3.15","0.00",,"true","ID","B000RGUM2S","USPS","16.46",,"30.66","3","10.22","10.99"," Yes but currently out of stock","true","https://www.amazon.ca/dp/B000RGUM2S","MEDIUM","-91.0","Dvd","51440",,,"8","-91.0","-9.31","1.10","2.87","0.96","Listing price includes shipping","false",,,,,,,,,,,,,,,,,,,,"false",,,,,,,,,,,,,,,,,,,,,,,,,"0.18","5.42","0.58","7.1","0.18","OFFICIAL",,"Data could not be retrieved","Data could not be retrieved","Data could not be retrieved","Data could not be retrieved","Data could not be retrieved","Data could not be retrieved","Data could not be retrieved","Data could not be retrieved","Data could not be retrieved","Data could not be retrieved","Data could not be retrieved","Data could not be retrieved","Data could not be retrieved","Data could not be retrieved","Data could not be retrieved","Data could not be retrieved","Data could not be retrieved","Data could not be retrieved","Data could not be retrieved","Data could not be retrieved","Data could not be retrieved","Data could not be retrieved","Data could not be retrieved","Data could not be retrieved","Data could not be retrieved","https://m.media-amazon.com/images/I/51CjQ7CsMcL.jpg"
"024543016595","true","1.0","US","AIDPQ33Z7001","Tigerland","Tigerland","[024543016595]","[0024543016595]","B00003CXOY",,"true","true","false","false","true","9.98","true","ID","B00003CXOY","USPS","3.79",,"279.6","40",,"6.99",,"A17MT8ELPNNVD3","ULTIMATE BEST OF BEST","7.43","true","true"," Yes but currently out of stock","true","https://www.amazon.com/dp/B00003CXOY?th=1&psc=1","MEDIUM","25.0","Movies & TV","31598",,,"B00003CXOY;B0015D20FE","43","25.0","1.75","0.45","2.38","0.00","Listing price includes shipping","true","ID","B00003CXOY","USPS","16.46",,"30.84","4","7.71","7.74"," Yes but currently out of stock","true","https://www.amazon.ca/dp/B00003CXOY","MEDIUM","-145.0","Dvd","33963",,,"14","-145.0","-11.20","0.72","2.87","0.73","Listing price includes shipping","true","keywords","385120026714","USPS","3.79","DVDs & Movies","0.0","0","5.54","https://rover.ebay.com/rover/1/711-53200-19255-0/1?ff3=2&toolid=10044&campid=5337909775&customid=algopix-web&lgeo=1&vectorid=229466&item=385120026714","MEDIUM","-4.0",,,"-4.0","-0.21","0.50","0.46","0.00","Listing identified using keywords","true","ID","1150426","USPS","3.79","Movies & TV Shows > Movies","0.0","0","12.87","https://www.walmart.com/ip/1150426","MEDIUM","48.0",,,"48.0","6.15","1.93","0.00","Cross channel competition","FARRELL,COLIN","MFR024543016595#VG","Color","7.5","5.4","0.7","0.17","5.3","0.6","7.4","0.20","OFFICIAL",,"Data could not be retrieved","Data could not be retrieved","Data could not be retrieved","Data could not be retrieved","Data could not be retrieved","Data could not be retrieved","Data could not be retrieved","Data could not be retrieved","Data could not be retrieved","Data could not be retrieved","Data could not be retrieved","Data could not be retrieved","Data could not be retrieved","Data could not be retrieved","Data could not be retrieved","Data could not be retrieved","Data could not be retrieved","Data could not be retrieved","Data could not be retrieved","Data could not be retrieved","Data could not be retrieved","Data could not be retrieved","Data could not be retrieved","Data could not be retrieved","Data could not be retrieved","https://m.media-amazon.com/images/I/51k7z+2Sc3L.jpg"
"888235023052","true","1.0","US","AIDZLWCW3001","99 Homes (Blu-ray)","99 Homes (Blu-ray)","[888235023052]","[0888235023052]","B0192M6LOA",,"true","true","false","true","false","19.99","true","ID","B0192M6LOA","USPS","3.79",,"213.15","15",,"14.21","15.34","ABLI0FL268ZL4","Outlet Promotions","15.38","true","true"," Yes but currently out of stock","true","https://www.amazon.com/dp/B0192M6LOA","MEDIUM","56.0","Dvd","14083",,,,"4","56.0","7.89","1.53","3.15","0.00","Listing price includes shipping ; Cross channel competition","true","ID","B0192M6LOA","USPS","16.46",,"80.6","5","16.12","16.13"," Yes but currently out of stock","true","https://www.amazon.ca/dp/B0192M6LOA","MEDIUM","-30.0","Dvd","14083",,,"4","-30.0","-4.89","2.03","3.27","1.52","Listing price includes shipping","true","keywords","314896655065","USPS","3.79","DVDs & Movies","0.0","0","9.48","https://rover.ebay.com/rover/1/711-53200-19255-0/1?ff3=2&toolid=10044&campid=5337909775&customid=algopix-web&lgeo=1&vectorid=229466&item=314896655065","MEDIUM","34.0","Dvd","14083","34.0","3.27","0.85","0.57","0.00","Listing price includes shipping ; Listing identified using keywords ; Cross channel competition","true","ID","219288561","USPS","3.79","Movies & TV Shows","0.0","0","4.99","https://www.walmart.com/ip/219288561","MEDIUM","-11.0","Dvd","14083","-11.0","-0.55","0.75","0.00",,"VVS Films",,,,,,"0.18","5.42","0.58","7.1","0.18","OFFICIAL",,"Data could not be retrieved","Data could not be retrieved","[""Michael Shannon"",""Andrew Garfield"",""Laura Dern"",""Tim Guinee"",""Douglas M. Griffin""]","Data could not be retrieved","Data could not be retrieved","region_a","Data could not be retrieved","[""Ramin Bahrani""]","Data could not be retrieved","Data could not be retrieved","[""Blu-ray""]","Data could not be retrieved","Data could not be retrieved","false","Imports","[{""languageName"":""english"",""type"":""Subtitled""},{""languageName"":""french"",""type"":""Subtitled""},{""languageName"":""english"",""type"":""Original Language""},{""languageName"":""french"",""type"":""Original Language""}]","Data could not be retrieved","Data could not be retrieved","Data could not be retrieved","Data could not be retrieved","Data could not be retrieved","Imports","{""value"":112.0,""unitType"":""minutes""}","Imports","Data could not be retrieved","https://m.media-amazon.com/images/I/51xvlwZyRgL.jpg"
"710425470950","true","1.0","US","AID1HHFA2001","L.A. Noire: The Complete Edition - Playstation 3",,"[710425470950;710425470936]","[5026555407977;0710425470950;0710425470936]","B0050SXBQC","B003JBHG7C","false","false","false",,,"29.99","true","ID","B0050SXBQC","USPS","3.79","Video Games > Legacy Systems > PlayStation Systems > PlayStation 3 > Games","1595.18","47",,"33.94",,"A3ITSY67779XS0","Game outlet","44.97","true","true"," Yes but currently out of stock","true","https://www.amazon.com/dp/B0050SXBQC?th=1&psc=1","LOW","73.0","Video Games","54657","PlayStation 3 Games","1011","B007SRM5U6;B0050SXBQC;B005N4HBIW","3","73.0","24.65","4.50","3.15","0.00","Listing price includes shipping","true","ID","B0050SXBQC","USPS","16.46","Video Games > Legacy Systems > PlayStation Systems > PlayStation 3 > Games","275.8","4","68.95",," Yes but currently out of stock","false","https://www.amazon.ca/dp/B0050SXBQC","LOW","50.0","Video Games","54657","PlayStation 3 Games","1011","2","50.0","34.66","10.34","3.45","6.50","Listed by a low ranked seller","false",,,,,,,,,,,,,,,,,,,,"false",,,,,,,,,,,,,,,,,,,"Rockstar Games","47095","One Color","5.3","0.6","6.7","0.28","5.3","0.6","6.7","0.25","OFFICIAL","One Size","Data could not be retrieved","Data could not be retrieved","Data could not be retrieved","Data could not be retrieved","Data could not be retrieved","Data could not be retrieved","Data could not be retrieved","Data could not be retrieved","Data could not be retrieved","Data could not be retrieved","Data could not be retrieved","Data could not be retrieved","Data could not be retrieved","Data could not be retrieved","Data could not be retrieved","Data could not be retrieved","Data could not be retrieved","Data could not be retrieved","Data could not be retrieved","Data could not be retrieved","Data could not be retrieved","Data could not be retrieved","Data could not be retrieved","Data could not be retrieved","Data could not be retrieved","https://m.media-amazon.com/images/I/81rKa01DFWL.jpg"
"888235024059","true","1.0","US","AID16EC02001","Heist (Blu-ray)","Vaughn (Jeffrey Dean Morgan), a desperate father in need of money for his sick daughter's medical bills robs a casino owned by dangerous mobster, Pope (Robert De Niro). But when his getaway driver gets cold feet Vaughn hijacks a city bus filled with innocent civilians. As the bus careens down the highway Police Officer Bajos (Gina Carano) and her men are in hot pursuit but the real threat is Dog (Morris Chestnut), Pope's ruthless associate who will stop at nothing to retrieve his boss's cash. Vaughn has no choice but to outwit them all if he wants to live through the day and save his daughter. Scott Mann directs this action thriller.","[888235024059]","[0888235024059]","B01MXND0HO",,"true","true","false",,,"50.0","true","ID","B01MXND0HO","USPS","3.79",,"0.0","0",,"15.70","15.70","A1IQ7YNP3UHO4T","PL FILM","15.70","false","true"," Yes but currently out of stock","false","https://www.amazon.com/dp/B01MXND0HO","MEDIUM","54.0","Movies & TV","177953",,,"B01MXND0HO;B01AHHUUVE;B01BU8TG00","1","54.0","8.55","2.36","3.06","0.00",,"true","ID","B01MXND0HO","USPS","16.46","Movies & TV > Movies",,,"7.47","7.47"," Yes but currently out of stock","false","https://www.amazon.ca/dp/B01MXND0HO","MEDIUM","-152.0","Movies & TV",,"Movies",,"2","-152.0","-11.37","0.68","2.87","0.70","Listing price includes shipping","false",,,,,,,,,,,,,,,,,,,,"false",,,,,,,,,,,,,,,,,,,,,,,,,"0.10","5.4","0.5","6.6","0.10","OFFICIAL",,"Data could not be retrieved","Data could not be retrieved","Data could not be retrieved","Data could not be retrieved","Data could not be retrieved","Data could not be retrieved","Data could not be retrieved","Data could not be retrieved","Data could not be retrieved","Data could not be retrieved","Data could not be retrieved","Data could not be retrieved","Data could not be retrieved","Data could not be retrieved","Data could not be retrieved","Data could not be retrieved","Data could not be retrieved","Data could not be retrieved","Data could not be retrieved","Data could not be retrieved","Data could not be retrieved","Data could not be retrieved","Data could not be retrieved","Data could not be retrieved","Data could not be retrieved","https://m.media-amazon.com/images/I/816pVk6dwDL.jpg"
"031719270156","true","1.0","US","AID7WT432001","Unreal Tournament III - Playstation 3",,"[031719270156;031719269914;783651791182]","[0783651791182;0031719270156;0031719269914]","B000V1OUVI","B001EYUWWW","true","true","false",,"true","19.99","true","ID","B000V1OUVI","USPS","4.21","Video Games > Legacy Systems > PlayStation Systems > PlayStation 3 > Games","927.78","47",,"19.74","19.74","A1EFRB7DGEJ6TE","Media Supplies Outlet","19.74","true","true"," Yes but currently out of stock","true","https://www.amazon.com/dp/B000V1OUVI","MEDIUM","59.0","Video Games","44509","PlayStation 3 Games","758","B000V1OUVI;B09P3CYZ6T","4","59.0","11.57","2.96","3.24","0.00",,"true","ID","B000V1OUVI","USPS","16.46","Video Games > Legacy Systems > PlayStation Systems > PlayStation 3 > Games","110.28","4","27.57",," Yes but currently out of stock","true","https://www.amazon.ca/dp/B000V1OUVI","MEDIUM","14.0","Video Games","44509","PlayStation 3 Games","758","1","14.0","3.98","3.54","3.45","2.60","Listing price includes shipping","false",,,,,,,,,,,,,,,,,,,,"true","ID","7080030","USPS","4.21","Video Games > Video Game Titles","196.67","8","22.49","https://www.walmart.com/ip/7080030","MEDIUM","62.0",,,"62.0","13.91","3.37","0.00","Cross channel competition","Midway","15782781",,"5.5","0.5","6.75","0.25","5.24","0.59","6.73","0.26","OFFICIAL",,"Data could not be retrieved","Data could not be retrieved","Data could not be retrieved","Data could not be retrieved","Data could not be retrieved","Data could not be retrieved","Data could not be retrieved","Data could not be retrieved","Data could not be retrieved","Data could not be retrieved","Data could not be retrieved","Data could not be retrieved","Data could not be retrieved","Data could not be retrieved","Data could not be retrieved","Data could not be retrieved","Data could not be retrieved","Data could not be retrieved","Data could not be retrieved","Data could not be retrieved","Data could not be retrieved","Data could not be retrieved","Data could not be retrieved","Data could not be retrieved","Data could not be retrieved","https://m.media-amazon.com/images/I/615wh+vQqKL.jpg"
"014633357240","true","1.0","US","AIDCLO191001","NHL 09 - Playstation 3","NHL 09 - PlayStation 3","[790913644575;014633357240;014633154443]","[0790913644575;0014633357240;0014633154443]","B0018DE9OG","B001EYUUF6","false","false","false",,"false","24.99","true","ID","B0018DE9OG","USPS","3.79","Video Games > Legacy Systems > PlayStation Systems > PlayStation 3 > Games","286.0","26",,"11.00","11.00","AWXYVJ2NK1W88","Southern Supply Enterprise","11.00","true","true"," Yes but currently out of stock","true","https://www.amazon.com/dp/B0018DE9OG","LOW","41.0","Video Games","97472","PlayStation 3 Games","1940","B003HFC22Y;B0018DE9OG;B0025KZV7U","9","41.0","4.56","1.65","3.15","0.00",,"true","ID","B0018DE9OG","USPS","16.46","Video Games > Legacy Systems > PlayStation Systems > PlayStation 3 > Games","603.2","32","18.85",," Yes but currently out of stock","true","https://www.amazon.ca/dp/B0018DE9OG","LOW","-14.0","Video Games","97472","PlayStation 3 Games","1940","6","-14.0","-2.63","2.24","3.27","1.78","Listing price includes shipping ; Displaying lowest price from a high-ranked seller","false",,,,,,,,,,,,,,,,,,,,"true","ID","127679357","USPS","3.79","Video Games > Video Game Titles","64.33","3","16.39","https://www.walmart.com/ip/127679357","LOW","56.0",,,"56.0","9.14","2.46","0.00",,"Electronic Arts","15444",,"5.5","0.75","6.75","0.00","5.3","0.6","6.7","0.20","OFFICIAL",,"Data could not be retrieved","Data could not be retrieved","Data could not be retrieved","Data could not be retrieved","Data could not be retrieved","Data could not be retrieved","Data could not be retrieved","Data could not be retrieved","Data could not be retrieved","Data could not be retrieved","Data could not be retrieved","Data could not be retrieved","Data could not be retrieved","Data could not be retrieved","Data could not be retrieved","Data could not be retrieved","Data could not be retrieved","Data could not be retrieved","Data could not be retrieved","Data could not be retrieved","Data could not be retrieved","Data could not be retrieved","Data could not be retrieved","Data could not be retrieved","Data could not be retrieved","https://m.media-amazon.com/images/I/51nKBmqQrsL.jpg"
"014633735222","true","1.0","US","AIDUJFIJ1001","Need for Speed Payback - PlayStation 4","Need for Speed Payback - PlayStation 4","[014633735222]","[0014633735222]","B072M668VC","B071WNSD3Q","true","true","false","true","true","52.88","true","ID","B072M668VC","USPS","3.79","Video Games > PlayStation 4 > Games","2528.0","50","2024-05-27","19.60",,"A37EBXZTKA6ZZM","Sure Shot Games!","19.60","true","true"," Yes but currently out of stock","true","https://www.amazon.com/dp/B072M668VC","MEDIUM","61.0","Video Games","8223","PlayStation 4 Games","373","B072M668VC;B08KJC5Q9P;B07W95HYPR","15","61.0","11.87","2.94","3.15","0.00","Cross channel competition","true","ID","B072M668VC","USPS","16.46","Video Games > PlayStation 4 > Games","1220.56","44","27.74",," Yes but currently out of stock","true","https://www.amazon.ca/dp/B072M668VC","MEDIUM","13.0","Video Games","8223","PlayStation 4 Games","373","9","13.0","3.51","4.16","3.27","2.61",,"true","keywords","276471713835","USPS","3.79","Video Games & Consoles","41.97","3","13.99","https://rover.ebay.com/rover/1/711-53200-19255-0/1?ff3=2&toolid=10044&campid=5337909775&customid=algopix-web&lgeo=1&vectorid=229466&item=276471713835","MEDIUM","55.0",,,"55.0","7.65","0.84","0.71","0.00","Listing identified using keywords ; Displaying lowest price from a high-ranked seller","true","ID","55849657","USPS","3.79","Video Games > ","508.18","26","19.40","https://www.walmart.com/ip/55849657","MEDIUM","60.0",,,"60.0","11.70","2.91","0.00","Cross channel competition","Electronic Arts","73522",,"5.2","6.7","0.6","0.18","5.35","0.63","6.73","0.19","OFFICIAL",,"Data could not be retrieved","Data could not be retrieved","Data could not be retrieved","Data could not be retrieved","Data could not be retrieved","Data could not be retrieved","Data could not be retrieved","Data could not be retrieved","Data could not be retrieved","Data could not be retrieved","Data could not be retrieved","Data could not be retrieved","Data could not be retrieved","Data could not be retrieved","Data could not be retrieved","Data could not be retrieved","Data could not be retrieved","Data could not be retrieved","Data could not be retrieved","Data could not be retrieved","Data could not be retrieved","Data could not be retrieved","Data could not be retrieved","Data could not be retrieved","Data could not be retrieved","https://m.media-amazon.com/images/I/41tASc+rhmL._SL75_.jpg"
"786936863710","true","1.0","US","Could not identify the product from a valid resource",,,"[786936863710]","[0786936863710]","B07R63GWG1",,"false",,"false","false",,"26.99","false",,,,,,,,,,,,,,,,,,,,,,,,,,,,,,,,,"true","ID","B07R63GWG1","USPS","16.46",,"128.2","10","12.82",," Yes but currently out of stock","true","https://www.amazon.ca/dp/B07R63GWG1","MEDIUM","-57.0","Dvd","5849",,,"7","-57.0","-7.33","1.48","3.27","1.21","Listing price includes shipping","true","keywords","276478448524","USPS","3.79","DVDs & Movies","0.0","0","18.25","https://rover.ebay.com/rover/1/711-53200-19255-0/1?ff3=2&toolid=10044&campid=5337909775&customid=algopix-web&lgeo=1&vectorid=229466&item=276478448524","UNAVAILABLE","60.0",,,"60.0","10.99","1.64","0.83","0.00","Listing price includes shipping ; Listing identified using keywords","false",,,,,,,,,,,,,,,,,,,"WALT DISNEY",,,,,,"0.18","5.51","0.55","7.09","0.18","OFFICIAL",,"Data could not be retrieved","Data could not be retrieved","Data could not be retrieved","Data could not be retrieved","Data could not be retrieved","Data could not be retrieved","Data could not be retrieved","Data could not be retrieved","Data could not be retrieved","Data could not be retrieved","Data could not be retrieved","Data could not be retrieved","Data could not be retrieved","Data could not be retrieved","Data could not be retrieved","Data could not be retrieved","Data could not be retrieved","Data could not be retrieved","Data could not be retrieved","Data could not be retrieved","Data could not be retrieved","Data could not be retrieved","Data could not be retrieved","Data could not be retrieved","Data could not be retrieved","https://m.media-amazon.com/images/I/91C9EJq2wHL.jpg"
"008888344308","true","1.0","US","AID3YH652001","Shaun White Snowboarding - Playstation 3","Shaun White Snowboarding - Playstation 3","[008888344308]","[0008888344308]","B001B1W3K2","B001EYUYCU","false","false","false","false","false","19.99","true","ID","B001B1W3K2","USPS","4.21","Video Games > Legacy Systems > PlayStation Systems > PlayStation 3 > Games","546.0","15",,"36.40","36.55","A38JKXQMW021SS","BBT BOOKSTORE","36.55","true","true"," Yes but currently out of stock","true","https://www.amazon.com/dp/B001B1W3K2","LOW","73.0","Video Games","86212","PlayStation 3 Games","1720",,"4","73.0","26.43","4.76","3.33","0.00","Listing price includes shipping","true","ID","B001B1W3K2","USPS","16.46","Video Games > Legacy Systems > PlayStation Systems > PlayStation 3 > Games","224.4","4","56.10",," Yes but currently out of stock","false","https://www.amazon.ca/dp/B001B1W3K2","LOW","44.0","Video Games","86212","PlayStation 3 Games","1720","4","44.0","24.94","8.42","3.45","5.29","Listed by a low ranked seller","true","keywords","176075545751","USPS","4.21","Video Games & Consoles","0.0","0","19.99","https://rover.ebay.com/rover/1/711-53200-19255-0/1?ff3=2&toolid=10044&campid=5337909775&customid=algopix-web&lgeo=1&vectorid=229466&item=176075545751","LOW","64.0",,,"64.0","12.70","1.20","0.88","0.00","Listing identified using keywords","true","ID","10190865","USPS","4.21","Video Games > Video Game Titles","139.47","6","22.19","https://www.walmart.com/ip/10190865","LOW","62.0",,,"62.0","13.65","3.33","0.00",,"Ubisoft","34430",,"5.25","0.5","6.75","0.26","5.3","0.6","6.7","0.40","OFFICIAL",,"Data could not be retrieved","Data could not be retrieved","Data could not be retrieved","Data could not be retrieved","Data could not be retrieved","Data could not be retrieved","Data could not be retrieved","Data could not be retrieved","Data could not be retrieved","Data could not be retrieved","Data could not be retrieved","Data could not be retrieved","Data could not be retrieved","Data could not be retrieved","Data could not be retrieved","Data could not be retrieved","Data could not be retrieved","Data could not be retrieved","Data could not be retrieved","Data could not be retrieved","Data could not be retrieved","Data could not be retrieved","Data could not be retrieved","Data could not be retrieved","Data could not be retrieved","https://m.media-amazon.com/images/I/51g0gEQWavL.jpg"
